"","performance_pred","performance","quality","service_orientation","innovation","organisation","problem_solving","curiosity","determination","analysis","empowerment"
"1","B","C",-0.704780438957312,-1.2074470471708,1.27167734246404,-0.255516099351736,-0.146148583258543,-2.43326397590884,0.98636625112418,-1.7981496275254,0.266247177717891
